country_code,year,gdp_current_usd,gdp_per_capita_usd,agriculture_pct_gdp,population
AFE,1970,47593907819.7874,276.73,18.0272399613244,171984985
AFE,1971,52188685166.5557,294.81,18.0272399613244,177022314
AFE,1972,56726057494.0768,311.47,18.0272399613244,182126556
AFE,1973,73083598128.6821,389.73,18.0272399613244,187524135
AFE,1974,89535976340.3865,463.47,18.0272399613244,193186642
AFE,1975,95295754526.8723,479.08,18.0272399613244,198914573
AFE,1976,96006417139.9693,468.77,18.0272399613244,204802976
AFE,1977,109208244154.943,518.36,18.0272399613244,210680842
AFE,1978,124083421003.115,571.62,18.0272399613244,217074286
AFE,1979,142099959764.832,634.45,18.0272399613244,223974122
AFE,1980,178472295521.021,773.3,18.0272399613244,230792729
AFE,1981,185108969364.767,777.63,18.0272399613244,238043099
AFE,1982,178355547527.525,725.55,18.0272399613244,245822010
AFE,1983,185755503030.119,732.35,18.0272399613244,253644643
AFE,1984,170038515839.183,650.35,18.0272399613244,261458202
AFE,1985,149335153752.165,554.22,18.0272399613244,269450407
AFE,1986,160553515127.741,578.32,18.0272399613244,277621771
AFE,1987,190175229570.901,664.79,18.0272399613244,286067346
AFE,1988,207368870172.406,704.14,18.0272399613244,294498625
AFE,1989,220613390803.074,728.24,18.0272399613244,302939121
AFE,1990,256383050159.487,822.4,18.0272399613244,311748681
AFE,1991,276918502950.348,864.17,19.584532040338,320442961
AFE,1992,241188307967.9,732.91,12.8677911695491,329082707
AFE,1993,239981176638.05,709.32,13.1881082238939,338324002
AFE,1994,243477534983.306,700.77,12.6467293349362,347441809
AFE,1995,273327034187.587,766.52,12.3265689992254,356580375
AFE,1996,273427612467.252,746.79,12.7647936891065,366138524
AFE,1997,288270699674.414,767.4,13.3368856412762,375646235
AFE,1998,268728127688.21,697.08,13.509654455164,385505757
AFE,1999,265321007618.974,670.42,12.6881357426819,395750933
AFE,2000,287041984552.036,706.73,12.91604079615,406156661
AFE,2001,260849957489.123,625.83,12.8118831611993,416807868
AFE,2002,269746009737.978,630.51,12.923772984898,427820358
AFE,2003,358116081062.427,815.43,11.1610363330766,439173286
AFE,2004,445974808500.088,989.02,10.0517582138612,450928044
AFE,2005,521561976778.096,1126.3,9.96435509379107,463076637
AFE,2006,587500469826.421,1235.27,10.263076702081,475606210
AFE,2007,674999944547.619,1381.55,11.1719463183513,488580707
AFE,2008,726770401376.729,1447.55,12.3951575283608,502070763
AFE,2009,726921646144.603,1408.75,12.6634182446055,516003448
AFE,2010,863822114606.332,1628.91,11.5097433507165,530308387
AFE,2011,959822476083.878,1761.99,10.3947360711001,544737983
AFE,2012,969265729636.028,1732.04,11.1428276413639,559609961
AFE,2013,981308886976.783,1706.02,11.4902471456998,575202699
AFE,2014,998836162271.296,1690.17,12.2765768281439,590968990
AFE,2015,910002035578.038,1498.88,13.0150928784089,607123269
AFE,2016,831868076442.431,1334.47,12.8864676029798,623369401
AFE,2017,978076465866.452,1528.1,12.4624744974616,640058741
AFE,2018,1020955778298.17,1552.07,11.991747543543,657801085
AFE,2019,1018714795912.35,1507.09,12.9537634387917,675950189
AFE,2020,938607563405.087,1351.59,14.7341526462305,694446100
AFE,2021,1114144799994.21,1562.42,13.7287411103208,713090928
AFE,2022,1228967879390.01,1679.33,14.1855226450872,731821393
AFE,2023,1179359054880.45,1571.45,15.3330728318337,750491370
AFE,2024,1242693542929.85,1615.4,15.2652577337707,769280888
AFW,1970,26696924213.8055,218.67,15.5968505648122,122086536
AFW,1971,24496786001.8079,195.86,15.5968505648122,125072948
AFW,1972,29489425515.7538,230.07,15.5968505648122,128176494
AFW,1973,36890633234.1126,280.64,15.5968505648122,131449942
AFW,1974,49687223643.2392,368.29,15.5968505648122,134911581
AFW,1975,57280116275.6847,413.37,15.5968505648122,138569918
AFW,1976,68385552348.1688,480.45,15.5968505648122,142337272
AFW,1977,71789497552.1911,490.84,15.5968505648122,146258576
AFW,1978,78778080489.5676,523.78,15.5968505648122,150402616
AFW,1979,96681064864.1808,624.87,15.5968505648122,154721711
AFW,1980,121445961252.94,763.01,15.5968505648122,159166518
AFW,1981,217606540487.256,1328.79,15.5968505648122,163762473
AFW,1982,196264853551.918,1164.19,16.4071578260408,168585118
AFW,1983,151421439334.1,873.98,17.1910533458871,173255157
AFW,1984,131373058519.308,738.55,18.5415913792349,177880746
AFW,1985,138005066699.39,754.91,18.1423365844136,182811038
AFW,1986,109517776160.1,582.89,22.5964840960765,187889141
AFW,1987,112641148828.574,583.32,24.6483885697608,193104347
AFW,1988,111770322169.923,563.12,26.3344317425955,198485027
AFW,1989,104577372052.932,512.48,25.5675307270315,204062274
AFW,1990,124277825786.697,593.02,24.2989225619191,209566031
AFW,1991,130794315519.503,607.84,24.4088231931248,215178709
AFW,1992,125449432677.392,567.15,24.1927283223952,221191375
AFW,1993,130547124413.669,574.47,24.1321954183394,227246778
AFW,1994,135350756019.393,580.01,25.1141379321808,233360104
AFW,1995,207843864308.605,866.73,25.4665328976357,239801875
AFW,1996,263563556144.176,1069.59,25.5059762650424,246415446
AFW,1997,276460023661.745,1091.83,26.3186349513649,253207584
AFW,1998,297126502718.937,1141.49,26.9805577236104,260297834
AFW,1999,140119071338.285,523.8,23.5355770584442,267506298
AFW,2000,142700161610.079,518.97,20.7002515422882,274968446
AFW,2001,150714426912.056,532.97,22.819738733282,282780717
AFW,2002,180129182230.862,619.34,29.6943611585971,290841795
AFW,2003,208646527354.851,697.48,27.5122638907698,299142845
AFW,2004,257939299771.713,838.21,23.8523787497793,307725100
AFW,2005,316515667947.035,999.77,23.373343450223,316588476
AFW,2006,402077365740.581,1234.64,22.3471365216362,325663158
AFW,2007,470947616490.719,1405.88,22.0524207375012,334984176
AFW,2008,574259808704.121,1666.52,22.6036427782507,344586109
AFW,2009,515037106035.659,1453.5,23.7054751605669,354343844
AFW,2010,605794323433.505,1662.63,22.1321259229871,364358270
AFW,2011,691133400013.31,1844.05,20.5195249610199,374790143
AFW,2012,748030003656.802,1941.12,20.3387845143841,385360349
AFW,2013,844180401591.48,2131.61,19.6196962949451,396030207
AFW,2014,904071921008.085,2221.35,19.1933020924046,406992047
AFW,2015,778022057597.448,1860.73,20.1785871076173,418127845
AFW,2016,700028168335.244,1630.04,20.5964688025564,429454743
AFW,2017,694051345937.233,1574.23,20.3567689816218,440882906
AFW,2018,777840323023.311,1720.14,20.5495360041941,452195915
AFW,2019,1026996211935.8,2216.39,23.46549545554,463365429
AFW,2020,963784699293.976,2030.86,25.39817780829,474569351
AFW,2021,1026651004045.79,2112.79,25.6229936588144,485920997
AFW,2022,1063649130876.99,2138.47,25.3717465088187,497387180
AFW,2023,938238370514.198,1841.86,24.1528889551845,509398589
AFW,2024,736384961061.523,1411.34,22.5554093483584,521764076
ARB,1970,43094140248.5052,357.72,15.523929162552,120469263
ARB,1971,49930151658.848,402.82,14.7532313846943,123950810
ARB,1972,59970718932.0004,470.23,14.6123487696557,127535560
ARB,1973,79130725986.8478,602.51,12.4622275088733,131335660
ARB,1974,152199035091.115,1125.04,7.75253886443889,135282861
ARB,1975,168169966031.31,1205.56,7.98421521256419,139495837
ARB,1976,210007567495.429,1458.24,7.39184911899622,144014135
ARB,1977,242286792667.265,1630.47,7.00398094956589,148599336
ARB,1978,265416211837.584,1728.32,7.35224798543616,153568663
ARB,1979,358135553984.577,2251.66,5.646932808138,159054118
ARB,1980,486438763949.335,2954.25,4.78534506414653,164657321
ARB,1981,494934288111.785,2911.11,5.18183790824018,170015485
ARB,1982,463099887499.949,2640.7,6.08314132605439,175370356
ARB,1983,437476513138.035,2417.35,6.80225767761055,180973288
ARB,1984,440187316546.138,2357.3,7.45120176771369,186733957
ARB,1985,432863846846.03,2247.9,8.05234252679525,192563243
ARB,1986,405451959728.242,2042.48,9.42957027964495,198509771
ARB,1987,431233175938.527,2108.47,9.66331698590864,204524595
ARB,1988,429362637000.525,2041.96,10.5907879038732,210269696
ARB,1989,457356344756.136,2117.69,11.2320503822641,215969068
ARB,1990,641684045874.297,2875.13,10.4940467047996,223184294
ARB,1991,467929266012.123,2048.71,12.2231242329296,228402316
ARB,1992,467773383888.633,1996.29,8.86155925610122,234321565
ARB,1993,478901764895.936,1987.75,9.0111139652873,240926205
ARB,1994,499875724097.082,2018.67,9.95825779257858,247626514
ARB,1995,528474798399.241,2081.0,9.24226572756774,253952538
ARB,1996,570906157108.378,2193.86,8.9518881878298,260229121
ARB,1997,614595338335.664,2305.61,8.4676830891826,266565183
ARB,1998,598783412688.275,2192.59,9.35418941485691,273094199
ARB,1999,665404837896.43,2378.91,8.41399664136018,279709634
ARB,2000,763400003917.068,2664.13,7.34330524800753,286548096
ARB,2001,744722772315.71,2536.69,7.80053035934023,293580252
ARB,2002,746650656664.553,2483.11,7.82073509939699,300691509
ARB,2003,830076413454.428,2696.67,7.45584583133428,307815105
ARB,2004,987304981951.166,3133.7,6.61713230697988,315060277
ARB,2005,1210081969427.04,3750.7,5.82687697381646,322628451
ARB,2006,1439461108230.61,4355.06,5.59918260735862,330526310
ARB,2007,1674641032780.09,4940.7,5.60533067737075,338947976
ARB,2008,2118071078804.52,6091.93,5.08487649997185,347684619
ARB,2009,1829849574764.63,5134.45,6.14797951839261,356386673
ARB,2010,2161397546202.94,5944.95,5.69095013201033,363568534
ARB,2011,2573067811497.98,6915.83,5.12687606147852,372054934
ARB,2012,2813567531715.43,7384.11,4.65022581848911,381030177
ARB,2013,2883689839002.54,7376.03,4.7640741333166,390954281
ARB,2014,2937035588682.67,7338.35,4.97937287519455,400231008
ARB,2015,2580328583417.41,6290.56,5.61711463955109,410190679
ARB,2016,2536564595458.87,6042.2,5.42373027814235,419808341
ARB,2017,2611323720520.0,6096.72,4.9760123743283,428315886
ARB,2018,2920829737234.67,6699.18,4.62238947180673,435998060
ARB,2019,2965285548936.01,6674.34,4.79134395024651,444281315
ARB,2020,2604104981819.8,5739.41,5.60548271072935,453723239
ARB,2021,3085141461685.6,6697.41,4.87546801574335,460646603
ARB,2022,3747416641077.45,7950.36,4.33056895649596,471352066
ARB,2023,3622495663981.78,7513.9,4.96899737457755,482105978
ARB,2024,3735881442514.34,7583.81,5.38212011018352,492612632
CEB,1970,272115195628.928,2744.91,6.74750310256327,99134548
CEB,1971,272115195628.928,2731.11,6.74750310256327,99635258
CEB,1972,272115195628.928,2711.47,6.74750310256327,100357161
CEB,1973,272115195628.928,2691.21,6.74750310256327,101112680
CEB,1974,272115195628.928,2669.37,6.74750310256327,101939916
CEB,1975,272115195628.928,2645.48,6.74750310256327,102860571
CEB,1976,272115195628.928,2622.14,6.74750310256327,103776068
CEB,1977,272115195628.928,2601.06,6.74750310256327,104616884
CEB,1978,272115195628.928,2583.47,6.74750310256327,105329397
CEB,1979,272115195628.928,2568.37,6.74750310256327,105948616
CEB,1980,272115195628.928,2554.08,6.74750310256327,106541316
CEB,1981,272115195628.928,2540.06,6.74750310256327,107129392
CEB,1982,272115195628.928,2525.89,6.74750310256327,107730380
CEB,1983,272115195628.928,2512.66,6.74750310256327,108297837
CEB,1984,272115195628.928,2500.18,6.74750310256327,108838073
CEB,1985,272115195628.928,2488.75,6.74750310256327,109338285
CEB,1986,272115195628.928,2477.74,6.74750310256327,109824166
CEB,1987,272115195628.928,2467.13,6.74750310256327,110296425
CEB,1988,272115195628.928,2458.43,6.74750310256327,110686740
CEB,1989,272115195628.928,2455.88,6.74750310256327,110801640
CEB,1990,272115195628.928,2457.17,6.74750310256327,110743128
CEB,1991,246710634295.862,2233.29,6.74750310256327,110469467
CEB,1992,255096853829.453,2316.71,6.74750310256327,110111454
CEB,1993,270374645291.362,2457.01,6.74750310256327,110041924
CEB,1994,308675977161.455,2805.59,6.74750310256327,110021594
CEB,1995,394762398480.378,3593.18,6.74750310256327,109864246
CEB,1996,417518097817.205,3808.56,6.35018331842465,109626194
CEB,1997,411143082438.382,3757.41,6.13899689891431,109422013
CEB,1998,449843473353.657,4118.0,5.46273377519677,109238340
CEB,1999,436027644107.052,3998.02,4.68103657032319,109060951
CEB,2000,429412709571.523,3959.62,4.37905387132443,108447824
CEB,2001,469501416107.35,4360.96,4.59443358833489,107660041
CEB,2002,528524764911.334,4941.34,4.08320372084052,106959751
CEB,2003,634291134326.277,5948.85,3.92775874177327,106624167
CEB,2004,763490469817.591,7180.27,4.35141305815547,106331716
CEB,2005,885715817927.209,8352.51,3.69662884714467,106041911
CEB,2006,1001314786967.89,9466.69,3.49533703657685,105772481
CEB,2007,1264257753875.72,11997.27,3.33089582518213,105378748
CEB,2008,1530264815688.71,14573.69,3.29172453328814,105001883
CEB,2009,1289259547165.21,12302.04,3.05124085605314,104800475
CEB,2010,1319443729249.66,12635.75,2.9606019608525,104421447
CEB,2011,1458155270134.3,13997.3,3.39882401312078,104174038
CEB,2012,1361899009858.4,13104.07,3.15471936779231,103929494
CEB,2013,1420222538112.93,13712.67,3.40491043717542,103570062
CEB,2014,1467451281263.28,14208.41,3.27916971979306,103280478
CEB,2015,1297141271990.05,12596.89,2.93244364442644,102973167
CEB,2016,1321561415743.83,12874.7,2.93959576881542,102647939
CEB,2017,1467501784248.85,14339.82,3.0765215602674,102337501
CEB,2018,1656383422202.66,16227.25,2.8086324477749,102074201
CEB,2019,1684318282245.77,16534.93,2.71589688065229,101864274
CEB,2020,1678294256145.3,16581.35,2.80601417152088,101215763
CEB,2021,1926347717339.0,19223.93,2.7955608567157,100205732
CEB,2022,1954419184114.96,19530.16,2.93065631646351,100071871
CEB,2023,2273205742208.3,22690.37,2.68285388574743,100183707
CEB,2024,2462005273603.48,24604.81,2.44194375643594,100061963
CSS,1970,2268330542.34162,730.7,8.5884145418176,3104308
CSS,1971,2457968135.09375,780.66,8.7551754502964,3148560
CSS,1972,2734457344.6905,858.38,8.94648495494723,3185617
CSS,1973,3173389131.65134,987.05,7.6667507274484,3215024
CSS,1974,4201310614.82803,1295.58,9.57605174908466,3242803
CSS,1975,4819825581.33935,1474.07,10.1239620579999,3269733
CSS,1976,4937767512.99323,1497.92,8.42533724619213,3296410
CSS,1977,5937525886.22228,1786.95,7.35514296507352,3322722
CSS,1978,6776416498.50876,2023.79,6.94751782277753,3348386
CSS,1979,8405785521.3914,2491.9,6.33143841429131,3373242
CSS,1980,10876340879.3427,3199.78,5.51403258389048,3399087
CSS,1981,11977463255.1586,3496.71,5.04129246840443,3425354
CSS,1982,13292712867.0251,3851.96,4.49080458833551,3450895
CSS,1983,13189051711.1814,3793.64,4.26008722447797,3476621
CSS,1984,13689070378.954,3908.46,3.654388794569,3502418
CSS,1985,13794627075.9123,3907.2,4.35128467952969,3530570
CSS,1986,11773697053.1201,3307.34,5.07185388804866,3559870
CSS,1987,12334469174.3296,3439.6,5.16489137324769,3586018
CSS,1988,12745727415.7592,3530.08,5.21086742171271,3610609
CSS,1989,12606272526.7095,3468.59,4.77946587523726,3634409
CSS,1990,13573367099.5127,3713.7,4.75406750350465,3654949
CSS,1991,13946896742.2113,3792.22,4.78734182710825,3677765
CSS,1992,14242986936.367,3842.68,4.97510717119857,3706523
CSS,1993,13815833341.5092,3698.86,5.15519074436595,3735156
CSS,1994,14788599388.7446,3929.16,5.12903556237151,3763806
CSS,1995,15732201525.3694,4144.51,5.49439041349377,3795917
CSS,1996,16941993239.8086,4424.44,5.39923535091277,3829184
CSS,1997,20074931520.308,5198.51,4.45335897818642,3861673
CSS,1998,21643804665.0628,5558.82,3.86699184860461,3893594
CSS,1999,23393912390.0523,5959.88,3.66704166369058,3925229
CSS,2000,25625542926.4456,6477.26,3.29931714845595,3956229
CSS,2001,26504661126.1591,6647.63,3.08090184200379,3987087
CSS,2002,27742046925.4435,6903.07,3.16975163537173,4018796
CSS,2003,30589389405.8968,7551.09,2.93377732939207,4050990
CSS,2004,33597817092.3498,8233.61,2.62836993207813,4080569
CSS,2005,38224293958.7281,9439.34,2.25496480906197,4049468
CSS,2006,44325879983.2222,10883.05,3.79274592838599,4072929
CSS,2007,49739222993.1148,12134.91,3.45494604460921,4098855
CSS,2008,57296315261.9305,13890.13,3.32890136727533,4124966
CSS,2009,47913515379.1154,11554.06,4.07201041944933,4146899
CSS,2010,53047626322.0273,12711.09,3.90580730598485,4173335
CSS,2011,56828150706.0989,13526.95,3.5670037936334,4201107
CSS,2012,60427163825.0841,14290.63,3.71438952670355,4228445
CSS,2013,62064949752.4886,14577.17,3.79409223745019,4257682
CSS,2014,64075043973.1037,14947.94,3.69104107664632,4286546
CSS,2015,62545153672.0285,14497.54,4.06153294296815,4314191
CSS,2016,58073168349.5106,13376.81,3.70327661919124,4341333
CSS,2017,59690101434.3488,13671.14,3.9772467122839,4366140
CSS,2018,61252081219.8672,13896.74,3.59492168752629,4407658
CSS,2019,62185458482.7062,13995.85,3.31592639180767,4443134
CSS,2020,53320869430.7059,11957.22,3.86692217059211,4459302
CSS,2021,62687149265.4471,13995.27,3.55437206436495,4479167
CSS,2022,78506430710.7309,17456.31,3.32157532858077,4497310
CSS,2023,79534673452.944,17596.54,3.50923107144464,4519904
CSS,2024,90344593407.0488,19903.81,3.41414928376689,4539060
EAP,1970,127182556289.611,113.92,39.9688281218726,1116395242
EAP,1971,136580265754.987,119.11,38.6980423049798,1146649477
EAP,1972,155518448869.276,132.34,37.4400396622777,1175176176
EAP,1973,195616567916.784,162.65,37.5901427716144,1202715705
EAP,1974,221665588687.632,180.41,36.4860769216733,1228688547
EAP,1975,248772601176.036,198.67,34.8748251185089,1252174248
EAP,1976,252942981187.157,198.55,33.8059575212011,1273922384
EAP,1977,291532735013.151,225.24,30.4496482937482,1294303118
EAP,1978,282919061354.682,215.18,28.134086780405,1314775496
EAP,1979,327589016955.703,245.27,30.9911476667547,1335637622
EAP,1980,377947161288.534,278.68,28.2534598287619,1356226475
EAP,1981,403551450432.948,292.96,28.1741157964594,1377473854
EAP,1982,423850572150.819,302.52,28.5210194174514,1401081634
EAP,1983,443839881509.845,311.47,29.7648950668157,1424971585
EAP,1984,480915094642.189,332.15,29.2533785884695,1447871073
EAP,1985,526600751089.372,357.91,27.2992305268244,1471340337
EAP,1986,525182739596.105,351.03,25.7760747613387,1496124294
EAP,1987,519033465046.499,340.94,25.6396653598337,1522374575
EAP,1988,576126858481.928,371.93,24.9013245058576,1549038591
EAP,1989,622836056673.595,395.43,23.2391148462883,1575101307
EAP,1990,667410241508.278,416.94,23.2675519343762,1600739173
EAP,1991,724654932688.966,445.8,21.3905557762308,1625498444
EAP,1992,812994672964.462,493.06,19.7802273637242,1648872786
EAP,1993,892446273872.149,533.89,17.5924872938199,1671604370
EAP,1994,1074481772219.03,634.2,17.7860187918861,1694244506
EAP,1995,1325739943462.75,772.3,17.9454794505929,1716602413
EAP,1996,1523108085146.29,876.04,17.6434657380942,1738632397
EAP,1997,1576765689230.4,895.63,16.8381918132003,1760512371
EAP,1998,1441284604894.45,809.01,16.8575454811665,1781546477
EAP,1999,1587766769203.35,881.64,15.9682441613794,1800932833
EAP,2000,1748618348986.43,961.3,14.3969741789355,1819011507
EAP,2001,1862932027297.4,1014.52,13.805816458255,1836260943
EAP,2002,2063860728539.44,1114.0,13.3829772133247,1852659155
EAP,2003,2337899791147.23,1251.28,12.6797941592869,1868409996
EAP,2004,2712364424518.89,1439.93,12.9536983869207,1883675167
EAP,2005,3140094784139.39,1653.68,11.8122099317192,1898853723
EAP,2006,3783276519033.74,1976.63,11.0512287674067,1914002124
EAP,2007,4787054921838.08,2481.39,10.8694877538081,1929185103
EAP,2008,6062017772754.35,3117.83,10.9561579927583,1944305887
EAP,2009,6581352893096.84,3359.52,10.5094097721063,1959017463
EAP,2010,8008611577123.89,4057.87,10.1975256492388,1973602166
EAP,2011,9774259220654.2,4913.89,10.0929434104252,1989106668
EAP,2012,10905337947546.2,5434.83,9.88587924415657,2006566431
EAP,2013,12047512338954.1,5952.77,9.61477690185887,2023850158
EAP,2014,13004689014662.5,6373.65,9.25058121137672,2040383789
EAP,2015,13548904084321.4,6589.77,8.90602675144431,2056050896
EAP,2016,13844122751569.4,6683.18,8.62209317549261,2071486140
EAP,2017,15115625540264.8,7241.93,8.08616891121846,2087238522
EAP,2018,16902110052652.3,8045.95,7.61395188703277,2100698838
EAP,2019,17503274977303.3,8286.4,7.66612787248709,2112289891
EAP,2020,17805166443182.2,8391.28,8.2388308707893,2121866294
EAP,2021,21231425978691.4,9974.58,7.78065032198342,2128553744
EAP,2022,21563881384135.8,10106.99,7.78071122818702,2133560408
EAP,2023,21644412635340.6,10125.91,7.56561603757774,2137527754
EAP,2024,22260810771875.1,10396.8,7.47924991372343,2141122258
EAR,1970,296902005244.168,238.29,26.8857383752289,1245960808
EAR,1971,319666547823.284,250.49,25.7325192486791,1276141826
EAR,1972,352709582632.978,269.86,24.6349132038003,1307009646
EAR,1973,451330007897.131,336.9,24.1580176969305,1339671375
EAR,1974,632677956824.657,460.73,21.1058660947948,1373219822
EAR,1975,677326175290.985,481.18,20.8309333245214,1407636737
EAR,1976,739999717047.563,512.91,18.4577017202518,1442753987
EAR,1977,827431694414.616,559.65,18.8390923627344,1478479688
EAR,1978,944725702178.608,623.76,18.5330634645102,1514572817
EAR,1979,1111836214805.12,716.3,17.4346905777195,1552194676
EAR,1980,1382501835902.97,868.43,15.3562678547473,1591961664
EAR,1981,1531909890330.96,937.46,14.9679349297932,1634107159
EAR,1982,1460539930822.8,870.65,15.3597575131546,1677532811
EAR,1983,1474006434239.97,856.43,15.6991888948744,1721104015
EAR,1984,1494712751952.32,846.73,15.652160180143,1765269111
EAR,1985,1490483608577.59,823.46,16.1075534464841,1810019176
EAR,1986,1498034888889.96,807.4,16.8458017395605,1855391159
EAR,1987,1521911883272.76,800.41,16.5407650874253,1901405537
EAR,1988,1606574808086.1,824.76,16.888980895521,1947928955
EAR,1989,1634255193569.59,819.31,16.7188923487242,1994666990
EAR,1990,1915433566099.57,936.99,15.6722276109471,2044241467
EAR,1991,2032104613561.74,971.32,14.3970941476543,2092102478
EAR,1992,2207967005422.93,1032.31,13.6364922933163,2138854231
EAR,1993,2381953146975.35,1090.31,12.6561486887316,2184656122
EAR,1994,2502107597947.33,1122.67,12.6851679165626,2228719169
EAR,1995,2616825349456.6,1150.91,12.718238674154,2273692181
EAR,1996,2836341459574.38,1221.88,12.7407559279588,2321284245
EAR,1997,3029966854142.86,1278.98,12.0012414260934,2369042441
EAR,1998,2921281348182.23,1209.08,11.9747326249052,2416119734
EAR,1999,3090855529444.24,1255.07,11.3700174459946,2462704115
EAR,2000,3378295866754.26,1346.24,10.4997711656631,2509431470
EAR,2001,3351822804548.09,1311.18,10.2572784584652,2556335424
EAR,2002,3255787156323.37,1251.3,10.5754143439409,2601917557
EAR,2003,3622513779274.76,1368.48,10.7036223972069,2647109296
EAR,2004,4209733389066.63,1563.11,10.0142936084363,2693184997
EAR,2005,4897834756101.33,1788.28,9.59668640457529,2738846905
EAR,2006,5600388912441.22,2011.11,9.28126709520581,2784726644
EAR,2007,6631053551528.64,2342.69,9.54745101891803,2830531957
EAR,2008,7461798613306.43,2594.56,9.41810355163713,2875943965
EAR,2009,7179119134034.64,2457.29,10.3110776326177,2921563644
EAR,2010,8719722451021.04,2938.8,10.378100273426,2967104472
EAR,2011,9832704039068.24,3262.91,10.1279141992918,3013476947
EAR,2012,10275142735646.4,3359.13,9.89007005162801,3058869436
EAR,2013,10330333855700.2,3328.42,10.0880061416666,3103677284
EAR,2014,10533364326771.5,3347.33,10.304557324509,3146800078
EAR,2015,10127250782286.2,3174.37,10.5948337484177,3190318707
EAR,2016,10423237803666.1,3223.98,10.8469942860175,3233033717
EAR,2017,11320553240043.8,3457.65,10.7170908608682,3274060446
EAR,2018,11478917653356.5,3463.51,10.4068347929636,3314245247
EAR,2019,11686574879191.1,3483.32,10.8107690863619,3355014793
EAR,2020,10823343545638.3,3187.04,12.0261680289765,3396051187
EAR,2021,12695008338487.8,3698.98,11.3926045443454,3432026092
EAR,2022,14034689936337.3,4043.83,10.8304142359088,3470644834
EAR,2023,14933453330998.3,4252.6,10.7059295734725,3511607650
EAR,2024,15808304487948.1,4450.19,10.8126207052043,3552278604
ECA,1970,235133242045.119,1508.05,20.2001422091892,155918823
ECA,1971,235133242045.119,1484.16,20.2001422091892,158428591
ECA,1972,235133242045.119,1460.01,20.2001422091892,161049046
ECA,1973,235133242045.119,1437.23,20.2001422091892,163601189
ECA,1974,235133242045.119,1415.43,20.2001422091892,166121814
ECA,1975,235133242045.119,1394.67,20.2001422091892,168594458
ECA,1976,235133242045.119,1374.09,20.2001422091892,171119860
ECA,1977,235133242045.119,1353.46,20.2001422091892,173726978
ECA,1978,235133242045.119,1333.59,20.2001422091892,176315643
ECA,1979,235133242045.119,1315.25,20.2001422091892,178774505
ECA,1980,235133242045.119,1296.86,20.2001422091892,181309432
ECA,1981,235133242045.119,1279.66,20.2001422091892,183746315
ECA,1982,235133242045.119,1262.31,20.2001422091892,186272610
ECA,1983,235133242045.119,1244.22,20.2001422091892,188979984
ECA,1984,235133242045.119,1226.21,20.2001422091892,191755370
ECA,1985,235133242045.119,1208.75,20.2001422091892,194525195
ECA,1986,235133242045.119,1191.48,20.2001422091892,197344981
ECA,1987,235133242045.119,1174.53,20.2001422091892,200194022
ECA,1988,260714658021.753,1284.37,19.9200971173407,202990335
ECA,1989,296012494754.96,1438.82,20.5569054809191,205733205
ECA,1990,354156720158.529,1700.94,21.7601247049144,208212866
ECA,1991,341086296065.275,1622.91,20.9780473356878,210169114
ECA,1992,328451120556.593,1549.06,19.475255573873,212032319
ECA,1993,339235852060.503,1589.7,18.477643728011,213395945
ECA,1994,265716719680.272,1239.76,17.2934506626052,214329901
ECA,1995,373845229870.828,1737.89,13.6917490119529,215114964
ECA,1996,395413043255.679,1830.6,13.7694521271231,216002100
ECA,1997,420614588838.233,1941.25,12.7068296019705,216672059
ECA,1998,421386465145.892,1940.94,13.502035259802,217104725
ECA,1999,384488217104.006,1767.11,12.4876050579798,217579952
ECA,2000,391259402609.02,1790.77,11.7830973025623,218486598
ECA,2001,335649212545.439,1529.61,11.2100161845464,219435056
ECA,2002,390532064568.536,1771.92,11.3824808494056,220400259
ECA,2003,498092410579.851,2249.74,10.5588500963968,221399692
ECA,2004,641341376416.645,2883.56,10.0467677595998,222413290
ECA,2005,798897294908.649,3576.72,9.51873750706303,223360135
ECA,2006,929637643372.55,4142.45,8.39938198502281,224417513
ECA,2007,1171542215920.56,5206.48,7.75304359706211,225016072
ECA,2008,1402429749896.0,6191.07,7.60117802472286,226524480
ECA,2009,1169814065612.09,5125.12,8.13914375254926,228250911
ECA,2010,1385078523367.67,6019.29,8.94166719005802,230106440
ECA,2011,1574244960285.95,6785.88,8.64695145171495,231988438
ECA,2012,1658983451713.25,7093.46,8.25702496199668,233875199
ECA,2013,1808692800315.95,7667.03,7.76023867803137,235905150
ECA,2014,1735229369225.69,7290.9,7.97066571939136,237999321
ECA,2015,1510474002479.16,6291.46,8.50627730625609,240083379
ECA,2016,1450171284448.8,5986.9,8.27438850029128,242224182
ECA,2017,1499595960769.3,6138.12,7.65131431815789,244308649
ECA,2018,1477488205993.51,5996.29,7.35448287199092,246400484
ECA,2019,1508679974755.36,6069.27,7.6119783527836,248576676
ECA,2020,1446077189727.52,5776.19,8.0721594735132,250351240
ECA,2021,1680958734568.53,6673.97,7.52775235377457,251867727
ECA,2022,1820242864725.09,7266.02,7.65455761177535,250514347
ECA,2023,2143244215113.25,8617.05,7.05502363588276,248721385
ECA,2024,2451180144505.47,9793.69,6.56527607843324,250281521
EMU,1970,645500835842.668,2211.87,2.66683418642938,291834356
EMU,1971,731657047532.379,2492.73,2.66683418642938,293516097
EMU,1972,883626753918.737,2990.0,2.66683418642938,295527442
EMU,1973,1146929346320.65,3856.34,2.66683418642938,297413652
EMU,1974,1300640475270.6,4349.02,2.66683418642938,299065145
EMU,1975,1507769269988.61,5017.26,2.66683418642938,300516726
EMU,1976,1573201555133.45,5212.65,2.66683418642938,301804324
EMU,1977,1790121849729.2,5907.57,2.66683418642938,303021757
EMU,1978,2191877722237.84,7203.61,2.66683418642938,304275086
EMU,1979,2655412251166.7,8690.84,2.66683418642938,305541545
EMU,1980,2973694924193.75,9689.64,2.66683418642938,306894340
EMU,1981,2583763815177.7,8385.37,2.66683418642938,308127421
EMU,1982,2500976094855.11,8096.36,2.66683418642938,308901125
EMU,1983,2440096224414.65,7882.89,2.66683418642938,309543455
EMU,1984,2341108054746.11,7550.83,2.66683418642938,310046458
EMU,1985,2404986753295.59,7742.6,2.66683418642938,310617659
EMU,1986,3377295853623.19,10846.47,2.66683418642938,311372728
EMU,1987,4177529771751.75,13379.95,2.66683418642938,312223048
EMU,1988,4594903614804.26,14667.43,2.66683418642938,313272522
EMU,1989,4693107413339.75,14916.08,2.66683418642938,314634075
EMU,1990,5905615266811.65,18683.51,2.66683418642938,316087007
EMU,1991,6127707302712.63,19305.47,2.66683418642938,317407910
EMU,1992,6750506224912.11,21178.53,2.50384234977987,318742973
EMU,1993,6180487033219.2,19310.81,2.29676801734955,320053176
EMU,1994,6531158637825.7,20344.77,2.33615720597707,321024031
EMU,1995,7540043718350.13,23430.24,2.31168882218664,321808185
EMU,1996,7629501026055.96,23652.35,2.34882862157432,322568383
EMU,1997,6977670410602.33,21582.23,2.30963440209264,323306275
EMU,1998,7174357611624.96,22144.69,2.22396312235549,323976358
EMU,1999,7148860255013.26,22011.26,2.1116966913403,324781951
EMU,2000,6528628817962.73,20039.4,2.06640295913504,325789631
EMU,2001,6631899417554.06,20289.65,2.0672806004565,326861195
EMU,2002,7241862819845.99,22047.28,1.94079906529826,328469678
EMU,2003,8921228124667.76,27010.59,1.87621437577741,330286340
EMU,2004,10231007049211.6,30803.29,1.852644772797,332140117
EMU,2005,10611825457675.7,31781.66,1.64267632188284,333897752
EMU,2006,11288300255552.1,33646.23,1.53214222930468,335499702
EMU,2007,13000311540976.4,38544.23,1.58508440174077,337282985
EMU,2008,14295718485782.5,42172.94,1.51794620855673,338978475
EMU,2009,13083077526585.9,38464.16,1.38732440061303,340136844
EMU,2010,12784744616370.5,37491.61,1.50673886156764,341002804
EMU,2011,13808563263632.6,40569.59,1.54996615884942,340367367
EMU,2012,12784947379630.9,37481.45,1.55529923779771,341100659
EMU,2013,13357283141903.1,39097.59,1.56839321346415,341639530
EMU,2014,13682058707498.0,39979.3,1.54905381439201,342228563
EMU,2015,11829834353286.1,34471.17,1.51320951971364,343180482
EMU,2016,12123283574466.5,35228.49,1.46470273542206,344132977
EMU,2017,12841960349280.8,37243.57,1.54589169317978,344810179
EMU,2018,13871778197583.7,40107.54,1.48610456277993,345864630
EMU,2019,13589774677631.3,39220.51,1.46584334151759,346496601
EMU,2020,13267554461613.6,38236.55,1.48501206042039,346986142
EMU,2021,14924551716260.4,42984.57,1.47301014054501,347207191
EMU,2022,14488160081806.7,41608.71,1.58314054698227,348200155
EMU,2023,15854782417877.0,45330.11,1.53136052781414,349762722
EMU,2024,16485444160371.0,46945.42,1.53368627686985,351161936
EUU,1970,728936354558.504,1886.45,2.52084130578964,386406167
EUU,1971,823997564740.857,2120.68,2.52084130578964,388553371
EUU,1972,993807576357.324,2540.43,2.52084130578964,391197266
EUU,1973,1285760453749.93,3265.51,2.52084130578964,393739994
EUU,1974,1455564730991.19,3674.51,2.52084130578964,396124649
EUU,1975,1694691860215.15,4253.77,2.52084130578964,398397694
EUU,1976,1775046705220.48,4432.18,2.52084130578964,400490355
EUU,1977,2011021369358.25,4997.0,2.52084130578964,402445831
EUU,1978,2449229543717.81,6057.76,2.52084130578964,404312949
EUU,1979,2960086312677.68,7288.84,2.52084130578964,406112162
EUU,1980,3311398072837.09,8116.45,2.52084130578964,407986180
EUU,1981,2890050505826.48,7053.64,2.52084130578964,409724709
EUU,1982,2787868117631.33,6783.33,2.52084130578964,410988238
EUU,1983,2710862889681.46,6578.61,2.52084130578964,412072128
EUU,1984,2612656839102.0,6326.07,2.52084130578964,412998350
EUU,1985,2686730457063.81,6490.27,2.52084130578964,413962998
EUU,1986,3753266239108.06,9042.12,2.52084130578964,415087013
EUU,1987,4639614022608.17,11144.97,2.52084130578964,416296769
EUU,1988,5094084472960.0,12196.9,2.52084130578964,417653885
EUU,1989,5202884439938.86,12414.35,2.52084130578964,419102379
EUU,1990,6505695339260.16,15470.41,2.52084130578964,420525030
EUU,1991,6727631751634.05,15952.04,2.52084130578964,421741276
EUU,1992,7389295673878.14,17470.06,2.52084130578964,422968989
EUU,1993,6750807644414.01,15908.78,2.52084130578964,424344744
EUU,1994,7157908667157.89,16826.13,2.52084130578964,425404352
EUU,1995,8298352822403.7,19470.1,2.52084130578964,426210050
EUU,1996,8433614719069.7,19755.24,2.53136459204118,426905134
EUU,1997,7735885029565.07,18093.62,2.49425420073398,427547651
EUU,1998,7970103042535.26,18616.51,2.37726997640249,428120105
EUU,1999,7936107808460.76,18506.59,2.22456121526157,428825949
EUU,2000,7288481048952.25,16976.05,2.17527064714844,429339162
EUU,2001,7407615944962.45,17230.65,2.20482505105018,429909307
EUU,2002,8100430284893.67,18797.81,2.04855089764579,430924112
EUU,2003,9956860723577.65,23020.96,1.97882279983751,432512916
EUU,2004,11449101966447.2,26368.68,1.9891109552166,434193248
EUU,2005,11954349375612.0,27431.5,1.74702866552399,435789139
EUU,2006,12768357074578.4,29200.58,1.64508937433903,437263803
EUU,2007,14789471689508.0,33704.66,1.69504988415638,438796003
EUU,2008,16364455236166.7,37169.07,1.63388775693041,440270719
EUU,2009,14844813523140.0,33632.07,1.48905078559995,441388573
EUU,2010,14641773544950.6,33119.57,1.60597205618785,442088310
EUU,2011,15874713437636.1,35963.31,1.68518678533042,441414078
EUU,2012,14731876146120.7,33324.77,1.67064795245304,442069839
EUU,2013,15398507628838.6,34804.73,1.69518141405065,442425741
EUU,2014,15763596442222.6,35590.1,1.66939052947623,442920819
EUU,2015,13656252620703.3,30771.66,1.60459993909443,443793218
EUU,2016,13988147697216.6,31456.9,1.56450601648718,444676652
EUU,2017,14871313684625.8,33394.59,1.66295063143369,445321060
EUU,2018,16092403309151.5,36054.95,1.58229790029003,446329890
EUU,2019,15809073096211.4,35374.14,1.56725883047671,446910453
EUU,2020,15504055464107.4,34694.7,1.59114333943186,446870959
EUU,2021,17495226733585.2,39206.98,1.57355583503106,446227358
EUU,2022,17023612496380.4,38066.88,1.68287493684909,447202673
EUU,2023,18659133072074.8,41566.57,1.63268780666148,448897545
EUU,2024,19497115588443.6,43304.96,1.61420719746069,450228188
FCS,1970,69337148733.7804,227.44,17.4720780864284,304858040
FCS,1971,71407461835.1812,228.98,17.4720780864284,311844505
FCS,1972,82669328910.7713,259.13,17.4720780864284,319025117
FCS,1973,102251839628.799,313.15,17.4720780864284,326527998
FCS,1974,153919142856.207,460.34,17.4720780864284,334361510
FCS,1975,168821163378.995,493.09,17.4720780864284,342377291
FCS,1976,200509609303.93,571.93,17.4720780864284,350583131
FCS,1977,221370987598.479,616.9,17.4720780864284,358846637
FCS,1978,242767598948.43,660.18,17.4720780864284,367727720
FCS,1979,305997104049.973,811.67,17.4720780864284,376996705
FCS,1980,388229877017.349,1006.62,17.4720780864284,385675261
FCS,1981,510372306576.133,1295.5,17.4720780864284,393958598
FCS,1982,486768808046.112,1208.2,18.2131432061419,402886924
FCS,1983,420187399132.026,1019.1,18.938494396803,412313057
FCS,1984,378000797274.671,895.48,20.326778463786,422123181
FCS,1985,384377742170.645,889.2,21.3677853188151,432271865
FCS,1986,354355843392.201,801.01,22.4392636773784,442386405
FCS,1987,356312604369.475,787.12,23.5917575653409,452678880
FCS,1988,387019746762.657,835.81,24.6375165617679,463045466
FCS,1989,383035643113.567,808.34,25.9826098932445,473853393
FCS,1990,546007306640.06,1121.8,22.4186011892268,486723712
FCS,1991,386413970742.199,775.98,29.1924559314932,497970454
FCS,1992,344196008915.929,673.98,24.1712021443094,510691966
FCS,1993,350711816129.835,668.54,24.3116346867943,524592905
FCS,1994,352567008669.321,653.49,23.8483580402205,539513196
FCS,1995,430901808099.076,777.74,23.9684148634045,554041514
FCS,1996,465760648426.237,821.74,24.416755105883,566796346
FCS,1997,521200354329.853,899.62,24.4217875611071,579354582
FCS,1998,535179642435.45,902.66,25.2121883698424,592889780
FCS,1999,399400020821.852,657.92,17.9138706704917,607064140
FCS,2000,466929248691.912,751.8,16.4557032564339,621080692
FCS,2001,457048079382.208,719.22,17.1128754521271,635481068
FCS,2002,446089285308.4,685.0,22.2103304082204,651226758
FCS,2003,469847559925.415,703.74,22.1703995750544,667644273
FCS,2004,595876444368.305,871.16,19.0942855321345,684007365
FCS,2005,756354101430.868,1079.24,18.1501427989361,700820603
FCS,2006,947253259627.876,1319.34,17.4208357628387,717975893
FCS,2007,1160668758510.72,1578.9,17.1399336098407,735110300
FCS,2008,1484312853576.3,1971.05,16.8244283679131,753058095
FCS,2009,1342615105225.82,1739.1,18.3060661250472,772015937
FCS,2010,1596645964256.64,2017.57,17.1769772052054,791371804
FCS,2011,1665506572724.03,2053.72,16.8668202255671,810972272
FCS,2012,1855874824709.61,2233.13,16.1539180423514,831065598
FCS,2013,1825595058878.46,2144.21,17.1314556766636,851404936
FCS,2014,1787605499773.02,2051.55,18.3288272451816,871345375
FCS,2015,1481660318787.67,1663.16,20.0321110517044,890869511
FCS,2016,1358130757341.27,1491.08,19.6923576929942,910836458
FCS,2017,1443031828638.41,1549.61,18.5561127080131,931222867
FCS,2018,1556210403398.5,1634.93,18.5042464623647,951851595
FCS,2019,1811454247630.6,1861.65,22.4212785934743,973035228
FCS,2020,1610227321244.27,1618.48,25.4673281223834,994901090
FCS,2021,1740335947472.93,1711.4,24.8469301493998,1016906998
FCS,2022,1918272363969.18,1850.92,23.0284794621468,1036390026
FCS,2023,1778723185468.2,1682.75,22.2301509017196,1057033168
FCS,2024,1652895518697.74,1527.96,19.3012730234501,1081767572
HPC,1970,37181536760.1301,175.76,26.6204843984557,211549510
HPC,1971,40099504488.5172,184.5,26.6204843984557,217344674
HPC,1972,44564788726.1754,199.67,26.6204843984557,223189830
HPC,1973,54553562932.0588,237.87,26.6204843984557,229341403
HPC,1974,64257354956.9311,272.52,26.6204843984557,235791936
HPC,1975,72350863415.605,298.55,26.6204843984557,242344150
HPC,1976,77585497906.31,311.55,26.6204843984557,249034009
HPC,1977,89885368488.9937,351.52,26.6204843984557,255707170
HPC,1978,104622112017.926,397.82,26.6204843984557,262985512
HPC,1979,114929806433.132,424.77,26.6204843984557,270569759
HPC,1980,127259629229.981,459.21,26.6204843984557,277128014
HPC,1981,127910339912.96,451.57,26.6204843984557,283255371
HPC,1982,129278372851.55,445.06,25.0499892865309,290471550
HPC,1983,128221978068.544,429.41,24.4773003269038,298600262
HPC,1984,130635964994.735,425.6,24.1336852686584,306943902
HPC,1985,137196640367.637,434.95,24.0261048856536,315429759
HPC,1986,126219299823.029,389.54,30.7428207486318,324025001
HPC,1987,134509036368.907,403.91,32.8574065386771,333016950
HPC,1988,141558264239.368,413.45,34.5599453996072,342381086
HPC,1989,144132297739.583,409.39,35.5546939799888,352065913
HPC,1990,165447183504.805,457.47,35.6303853329197,361657937
HPC,1991,180013449210.469,484.67,37.8856177060143,371411648
HPC,1992,136844691209.855,357.76,34.0850905520513,382507617
HPC,1993,142051421908.725,359.76,31.4755168940631,394851493
HPC,1994,121514084285.896,298.61,30.1893484759238,406935718
HPC,1995,141395905527.677,337.6,30.241275284247,418830100
HPC,1996,154688747451.045,358.9,28.0054526090768,431006940
HPC,1997,161933433655.464,365.38,28.5835020808121,443196153
HPC,1998,167620980707.499,367.64,27.6592114239015,455939263
HPC,1999,168431404824.197,359.07,26.2895530751379,469076891
HPC,2000,181929508086.709,377.46,25.0663326064626,481984327
HPC,2001,175879852361.523,355.17,24.8986196110134,495197350
HPC,2002,190891346466.4,374.53,24.8650249711232,509679981
HPC,2003,216610034974.425,412.77,24.6924159826485,524773987
HPC,2004,249571115303.197,462.34,23.6055846676157,539803501
HPC,2005,288591119560.47,519.65,23.9546815099956,555358929
HPC,2006,338993250532.89,593.21,23.1640240098194,571454590
HPC,2007,404372280163.214,688.37,23.5395450195087,587432384
HPC,2008,481623936903.302,797.38,24.16333574026,604007702
HPC,2009,475213799056.474,764.82,25.1143320094438,621337653
HPC,2010,518754130151.745,812.08,24.5732881848874,638796398
HPC,2011,573517854715.366,873.22,22.4207934719135,656783491
HPC,2012,595155344078.424,881.19,22.8210142768178,675397557
HPC,2013,667314194885.704,960.69,21.7704536071383,694622934
HPC,2014,705465847008.08,986.98,21.6950595813593,714769441
HPC,2015,674606540074.897,917.3,21.9748491217784,735429414
HPC,2016,677200621773.188,894.71,21.6620203866995,756895035
HPC,2017,735068264238.844,943.13,21.1771981002484,779389964
HPC,2018,790373898773.38,985.48,20.6322377411983,802020674
HPC,2019,811372254522.342,983.9,20.7071567775734,824649053
HPC,2020,816029422839.446,962.59,22.1789095472661,847743308
HPC,2021,924417463438.7,1061.41,21.220224139668,870930036
HPC,2022,1002501492801.3,1121.48,20.9032859446868,893906294
HPC,2023,1060316071770.29,1155.9,21.830490856109,917304254
HPC,2024,1145111349262.57,1216.38,21.5165796255937,941413026
IBD,1978,1743913597446.91,630.58,18.030276740146,2765565797
IBD,1979,2037399467560.41,723.25,17.9515934591676,2816995104
IBD,1980,2418911812099.9,843.04,16.5222302867863,2869277824
IBD,1981,2598578073247.16,888.93,16.3900612866819,2923255528
IBD,1982,2560513941781.91,859.22,15.8529262982846,2980033813
IBD,1983,2529265948626.5,832.75,17.150658882705,3037252917
IBD,1984,2619007608002.49,846.35,17.2953056590902,3094477559
IBD,1985,2719865250358.76,862.74,16.9805178491437,3152581662
IBD,1986,2823853100366.43,879.11,16.8189304943643,3212177926
IBD,1987,2909861543470.51,888.94,16.293042738354,3273388723
IBD,1988,3110722136868.06,932.79,16.3879848753733,3334875641
IBD,1989,3241152169495.25,954.47,16.0829557044081,3395765359
IBD,1990,3645927216629.92,1055.1,15.3262092528006,3455533853
IBD,1991,3533597986123.43,1005.75,14.447147723652,3513390696
IBD,1992,3691700835593.46,1034.41,12.8474492291339,3568890021
IBD,1993,3930672941449.47,1084.94,11.8743538101013,3622924380
IBD,1994,4336867904120.83,1179.82,12.0118733846734,3675872938
IBD,1995,4987838644607.98,1337.84,11.5642220095049,3728290191
IBD,1996,5443873901964.14,1440.01,11.6108498076088,3780446473
IBD,1997,5775060777836.65,1506.91,10.9212768826156,3832391543
IBD,1998,5550058275544.08,1428.93,10.9157164583993,3884078902
IBD,1999,5408483629656.0,1374.62,10.7656586793637,3934521819
IBD,2000,5886134597366.63,1477.69,9.75377998400381,3983328255
IBD,2001,5971610298683.89,1481.39,9.68236779919179,4031080605
IBD,2002,6065783594228.73,1487.72,9.82502080424154,4077229003
IBD,2003,6814152968102.6,1652.81,9.72755691418431,4122775918
IBD,2004,8117388576252.83,1947.23,9.41261842609642,4168676771
IBD,2005,9694745482584.88,2300.56,8.58674970760378,4214082145
IBD,2006,11501210367684.3,2700.56,8.07079003170199,4258827055
IBD,2007,14287515549914.4,3321.08,8.03562896257528,4302067550
IBD,2008,17144385222961.7,3944.65,7.96199604377737,4346234014
IBD,2009,16643733351017.5,3790.08,8.31691371307819,4391389527
IBD,2010,20236974559592.9,4561.25,8.14412192327031,4436714947
IBD,2011,23952863037040.9,5342.86,8.02053647666418,4483152627
IBD,2012,25459767024749.6,5617.65,7.8734042410493,4532100585
IBD,2013,26784320183315.7,5845.61,7.97332083618417,4581958556
IBD,2014,27548963986382.7,5949.32,7.99988430226433,4630607878
IBD,2015,25937609442668.8,5546.05,8.16979836543773,4676773551
IBD,2016,26133021093477.3,5534.82,8.19308537177583,4721566970
IBD,2017,28848700119389.0,6053.31,7.84230067146461,4765773411
IBD,2018,30736778363828.6,6394.19,7.49996756892397,4806981820
IBD,2019,31377057597389.8,6476.07,7.6873702039133,4845075024
IBD,2020,30204027280204.5,6191.51,8.50667844346395,4878296727
IBD,2021,35879316080995.1,7314.53,8.10810983914685,4905212516
IBD,2022,37943329554311.5,7699.23,7.92182278840715,4928196300
IBD,2023,39248258733753.5,7925.4,7.73958867645346,4952212190
IBD,2024,40930410371533.4,8219.91,7.70004819602646,4979421568
TEA,1970,127052297158.08,115.37,39.893821274739,1101240545
TEA,1971,136440829735.232,120.63,38.6252933880704,1131095541
TEA,1972,155359237838.582,134.02,37.3697617204275,1159220113
TEA,1973,195413149940.391,164.71,37.5201891742979,1186384756
TEA,1974,221440713584.624,182.7,36.417251906703,1212035036
TEA,1975,248519521080.329,201.19,34.8091382821306,1235222835
TEA,1976,252686739157.612,201.07,33.7421395957003,1256698596
TEA,1977,291229976122.31,228.09,30.392941045447,1276830008
TEA,1978,282630837737.006,217.9,28.0811364649642,1297059239
TEA,1979,327249769951.168,248.35,30.9333415456405,1317673957
TEA,1980,377549806578.642,282.17,28.2012051564717,1338009609
TEA,1981,403129803803.166,296.64,28.121824603035,1358992800
TEA,1982,423407966724.839,306.3,28.468067525631,1382326011
TEA,1983,443371246698.137,315.36,29.709979272843,1405938773
TEA,1984,480403927228.946,336.29,29.1996123511522,1428557744
TEA,1985,526032437680.959,362.35,27.2495007027236,1451742188
TEA,1986,524621676243.052,355.38,25.728839090647,1476236205
TEA,1987,518488360539.102,345.15,25.5922161997197,1502192372
TEA,1988,575525093193.548,376.51,24.8550991955661,1528559240
TEA,1989,622193930069.762,400.3,23.1956610132517,1554321275
TEA,1990,666725912038.333,422.07,23.2239142390706,1579651917
TEA,1991,723904575173.197,451.29,21.3506545898665,1604095270
TEA,1992,812130263840.671,499.11,19.7438789244053,1627147885
TEA,1993,891466245843.003,540.43,17.5607725294046,1649557492
TEA,1994,1073279171690.89,641.96,17.7543301854323,1671877438
TEA,1995,1324237119507.35,781.74,17.9137638391787,1693960469
TEA,1996,1521371528098.09,886.7,17.6123996711784,1715764488
TEA,1997,1574968030449.8,906.49,16.8085428421883,1737429846
TEA,1998,1439654527490.28,818.79,16.8277090698462,1758263635
TEA,1999,1585945646801.91,892.25,15.9402367780501,1777464322
TEA,2000,1746600304168.03,972.83,14.3718249945804,1795374943
TEA,2001,1860776095129.07,1026.65,13.7817406195447,1812475067
TEA,2002,2061454246187.87,1127.25,13.3597511150615,1828744767
TEA,2003,2335145056810.17,1266.11,12.6579134223931,1844349334
TEA,2004,2709157341014.45,1456.97,12.9313763627258,1859450104
TEA,2005,3136374977327.23,1673.19,11.7919118898351,1874487158
TEA,2006,3778751294371.62,1999.86,11.032374791886,1889507244
TEA,2007,4781270693838.79,2510.42,10.8510058851208,1904568042
TEA,2008,6054648571433.55,3154.17,10.9375803958089,1919570287
TEA,2009,6573327283810.49,3398.53,10.4916136789446,1934167856
TEA,2010,7998796323270.31,4104.8,10.1802992117574,1948643347
TEA,2011,9762256276676.58,4970.51,10.07590503867,1964036970
TEA,2012,10891968350841.7,5497.16,9.86916790577569,1981382735
TEA,2013,12032711129058.2,6020.72,9.59854970836196,1998548872
TEA,2014,12988712786591.7,6446.14,9.23496282166681,2014960984
TEA,2015,13532272043462.5,6664.49,8.8909809688778,2030504270
TEA,2016,13827151057380.2,6758.74,8.60751874418628,2045816761
TEA,2017,15097056837158.2,7323.51,8.0725244906285,2061449949
TEA,2018,16881316789674.4,8136.37,7.60111395294113,2074796982
TEA,2019,17481715455963.4,8379.37,7.65320887492117,2086281644
TEA,2020,17783207218899.1,8485.33,8.22494907213155,2095759417
TEA,2021,21205187136185.7,10086.42,7.76755278039609,2102350702
TEA,2022,21537214774462.6,10220.48,7.76761964475469,2107261123
TEA,2023,21617676926854.5,10239.82,7.55287772221306,2111139152
TEA,2024,22233362919728.4,10513.95,7.46664149036025,2114653077
TEC,1970,991141939410.738,2814.63,18.1240455182051,352139347
TEC,1971,991141939410.738,2785.7,18.1240455182051,355796328
TEC,1972,991141939410.738,2755.48,18.1240455182051,359698417
TEC,1973,991141939410.738,2726.26,18.1240455182051,363554198
TEC,1974,991141939410.738,2697.49,18.1240455182051,367431547
TEC,1975,991141939410.738,2669.12,18.1240455182051,371336064
TEC,1976,991141939410.738,2639.74,18.1240455182051,375469327
TEC,1977,991141939410.738,2610.77,18.1240455182051,379635878
TEC,1978,991141939410.738,2583.2,18.1240455182051,383687824
TEC,1979,991141939410.738,2557.39,18.1240455182051,387559928
TEC,1980,991141939410.738,2531.25,18.1240455182051,391562181
TEC,1981,991141939410.738,2506.42,18.1240455182051,395441598
TEC,1982,991141939410.738,2481.87,18.1240455182051,399353523
TEC,1983,991141939410.738,2457.1,18.1240455182051,403378262
TEC,1984,991141939410.738,2431.14,18.1240455182051,407686015
TEC,1985,991141939410.738,2405.8,18.1240455182051,411980043
TEC,1986,991141939410.738,2381.34,18.1240455182051,416211558
TEC,1987,991141939410.738,2357.44,18.1240455182051,420430601
TEC,1988,991141939410.738,2335.03,18.1240455182051,424466137
TEC,1989,964170299100.99,2251.57,18.1240455182051,428221424
TEC,1990,1023345711170.5,2374.4,18.9357480764003,430990546
TEC,1991,1001720940076.18,2312.74,17.03250065398,433132067
TEC,1992,928555990308.003,2135.38,12.3080061519373,434844449
TEC,1993,919179489611.002,2107.47,12.3230609302644,436152186
TEC,1994,828927139977.533,1896.4,10.3490477912223,437106291
TEC,1995,991380447495.647,2264.48,9.66641275614342,437796116
TEC,1996,1021239770710.95,2329.87,9.56581468961909,438325526
TEC,1997,1056341129246.72,2408.23,8.94203607189947,438638046
TEC,1998,949935181537.205,2165.17,9.16092903029084,438735255
TEC,1999,824131383383.309,1878.79,8.99490799832128,438650260
TEC,2000,896291493004.493,2044.35,8.15356114713322,438423541
TEC,2001,911679939950.971,2080.98,7.68198282682764,438100368
TEC,2002,1024829473187.33,2340.83,7.5533920834002,437806951
TEC,2003,1261017408610.72,2879.65,7.32511438147424,437905932
TEC,2004,1631372379671.26,3723.44,7.08568654807496,438136036
TEC,2005,2042987028459.11,4660.81,6.35950193527319,438333196
TEC,2006,2471273605657.68,5632.99,5.64351883986843,438714358
TEC,2007,3179127986623.93,7247.03,5.2597104516313,438680283
TEC,2008,3936159309738.01,8951.25,5.1486759879774,439732746
TEC,2009,3121801768478.67,7074.02,5.51526735736654,441304973
TEC,2010,3667835476746.74,8280.72,5.50011089929874,442936599
TEC,2011,4461210535265.99,10028.65,5.24099459283612,444846366
TEC,2012,4656388146308.07,10418.35,4.91581611508994,446941101
TEC,2013,4924806846375.52,10965.25,4.88832680236244,449128604
TEC,2014,4653015277488.18,10307.22,5.11189003890185,451432428
TEC,2015,3633660246044.52,8009.62,5.63243881604361,453662073
TEC,2016,3492088089759.5,7659.55,5.53228723402545,455913002
TEC,2017,3927649813354.44,8575.46,5.08695137391236,458010325
TEC,2018,4098990245510.03,8911.88,4.73887565517923,459946883
TEC,2019,4184533628660.37,9058.74,4.86624630870215,461933206
TEC,2020,3924139091384.84,8478.35,5.26358604616121,462842288
TEC,2021,4637763943320.14,10014.51,4.92272426494869,463104389
TEC,2022,5264484546456.79,11421.14,4.8301194234015,460942269
TEC,2023,5562782514647.52,12129.86,4.52435107505432,458602212
TEC,2024,6131674441421.64,13337.44,4.23874979226045,459734030
